{
    "iqr": 20.807877006710431, 
    "iqrStd": 0.3989289497412154, 
    "iqrUnits": "mmag", 
    "magDiffs": [
        21.165885932638346, 
        4.001766434617172, 
        15.847374315216557, 
        -8.592339555682972, 
        27.550753400218692, 
        5.100938582969321, 
        -23.17244978406144, 
        -16.500950362735924, 
        -9.365609249625791, 
        4.304314029388347, 
        27.92590874551619, 
        10.728572122736454, 
        13.34803029858508, 
        11.224477566916883, 
        -21.099256722972083, 
        3.163679105365032, 
        13.571426771502649, 
        -21.937614951018062, 
        -22.016282993621854, 
        -41.55198677138462, 
        -28.110019254544447, 
        5.2510135845830135, 
        16.556337703389122, 
        20.669033961560356, 
        12.068830076278667, 
        16.714439204686045, 
        8.528661453624938, 
        -5.614157285432717, 
        6.66350286425004, 
        5.557888172707827, 
        -1.564944976629983, 
        -29.535354317544794, 
        0.39781060126887313, 
        14.883078425702381, 
        -7.063336073264988, 
        -18.800655033535598, 
        3.4458713607843143, 
        13.358996462346836, 
        9.84972223558705, 
        4.293507408901202, 
        -12.976095844333654, 
        10.460275254572666, 
        11.218623967447936, 
        -27.097223021296443, 
        6.121718001664434, 
        7.181716606799739, 
        -24.314443320120095, 
        25.39672761703904, 
        4.508325127802424, 
        -20.161486731704386, 
        -6.295318386003211, 
        13.449374010515122, 
        -27.55023154229527, 
        22.020433007482474, 
        16.874168460207777, 
        8.577616295765878, 
        -36.44336086049437, 
        4.776077084628945, 
        -7.8071535158402785, 
        -9.152858255345565, 
        24.13828808781389, 
        40.331041626728855, 
        -24.724172705351023, 
        38.554144319522685, 
        39.766841129696466, 
        14.489074515106875, 
        -18.86391619762162, 
        19.01923150695396, 
        -14.662139188598976, 
        -10.774216640691623, 
        -2.5600815337253833, 
        2.452940156757188, 
        -20.53312888412632, 
        -11.5711918832032, 
        -15.147772664007318, 
        -27.404918828588713, 
        14.12564180390922, 
        3.1335491938725886, 
        15.552637819566247, 
        -15.910152509971796, 
        4.652816384503918, 
        12.62810951014066, 
        -10.489206120137293, 
        -6.526589379296293, 
        1.7657068718973392, 
        -16.154717979597244, 
        -12.46477207059443, 
        19.431360810751404, 
        21.28248078391697, 
        -42.07654823076984, 
        -5.426873917614323, 
        23.526694514476894, 
        -8.679678233279759, 
        10.813634365431238, 
        -11.583290080756282, 
        19.064004520337743, 
        -7.658066921885949, 
        -13.345690652667574, 
        -11.239395315995582, 
        31.855193259768452, 
        -18.503539949157965, 
        27.460445310375874, 
        -11.492943596915023, 
        21.99312279559672, 
        0.49716946709591736, 
        -6.9648205016984015, 
        12.268954553418375, 
        -22.853428791470524, 
        13.855355185231291, 
        31.62553879794809, 
        -17.87577805710498, 
        -26.518042900911407, 
        28.528877752309793, 
        15.124438827686115, 
        -6.5387561282291475, 
        11.11813965468396, 
        -10.080102562340171, 
        19.882127291527258, 
        -2.7938567572172563, 
        21.34695333710088, 
        8.83391819861677, 
        -31.65202044510563, 
        -30.148352865795495, 
        -18.26936779891687, 
        9.938461538690218, 
        -17.92106960080345, 
        -24.88270047053205, 
        23.037925502011735, 
        11.811332921333209, 
        17.933842369564445, 
        0.5497241553092191, 
        5.900394439079961, 
        1.041519720905225, 
        29.24266232680817, 
        -14.169912921658243, 
        -11.008706844328444, 
        33.0542785632261, 
        8.263164163064346, 
        -13.642632040675814, 
        10.579531997685693, 
        -8.853229572205802, 
        16.415102837546797, 
        6.178540014884572, 
        -13.068372368542624, 
        4.619729885702688, 
        22.99193609427376, 
        15.759854725017513, 
        33.359908022312595, 
        10.004575006023575, 
        -12.517663280904616, 
        -36.19969628393104, 
        22.709046036706763, 
        46.95807554304149, 
        -30.397886488922428, 
        -47.89059456067613, 
        -2.0902564426695074, 
        -23.634961125281535, 
        -32.073938203871485, 
        13.740702817996466, 
        -34.39918535830805, 
        -21.790689280974487, 
        -4.1701943432057345, 
        -0.6502252869412941, 
        -20.365385515252644, 
        5.320672630041512, 
        11.656975204055948, 
        -0.9913876145985137, 
        -12.189863881631716, 
        18.345825489843232, 
        -8.226976188555952, 
        -14.05004681770603, 
        -28.55277612817642, 
        -17.22310633383986, 
        18.64886164797109, 
        1.4762008122693486, 
        -37.19466105969756
    ], 
    "magDiffsUnits": "mmag",